[{"model": "auth.permission", "pk": 1, "fields": {"name": "Can add log entry", "content_type": 1, "codename": "add_logentry"}}, {"model": "auth.permission", "pk": 2, "fields": {"name": "Can change log entry", "content_type": 1, "codename": "change_logentry"}}, {"model": "auth.permission", "pk": 3, "fields": {"name": "Can delete log entry", "content_type": 1, "codename": "delete_logentry"}}, {"model": "auth.permission", "pk": 4, "fields": {"name": "Can view log entry", "content_type": 1, "codename": "view_logentry"}}, {"model": "auth.permission", "pk": 5, "fields": {"name": "Can add permission", "content_type": 2, "codename": "add_permission"}}, {"model": "auth.permission", "pk": 6, "fields": {"name": "Can change permission", "content_type": 2, "codename": "change_permission"}}, {"model": "auth.permission", "pk": 7, "fields": {"name": "Can delete permission", "content_type": 2, "codename": "delete_permission"}}, {"model": "auth.permission", "pk": 8, "fields": {"name": "Can view permission", "content_type": 2, "codename": "view_permission"}}, {"model": "auth.permission", "pk": 9, "fields": {"name": "Can add group", "content_type": 3, "codename": "add_group"}}, {"model": "auth.permission", "pk": 10, "fields": {"name": "Can change group", "content_type": 3, "codename": "change_group"}}, {"model": "auth.permission", "pk": 11, "fields": {"name": "Can delete group", "content_type": 3, "codename": "delete_group"}}, {"model": "auth.permission", "pk": 12, "fields": {"name": "Can view group", "content_type": 3, "codename": "view_group"}}, {"model": "auth.permission", "pk": 13, "fields": {"name": "Can add content type", "content_type": 4, "codename": "add_contenttype"}}, {"model": "auth.permission", "pk": 14, "fields": {"name": "Can change content type", "content_type": 4, "codename": "change_contenttype"}}, {"model": "auth.permission", "pk": 15, "fields": {"name": "Can delete content type", "content_type": 4, "codename": "delete_contenttype"}}, {"model": "auth.permission", "pk": 16, "fields": {"name": "Can view content type", "content_type": 4, "codename": "view_contenttype"}}, {"model": "auth.permission", "pk": 17, "fields": {"name": "Can add session", "content_type": 5, "codename": "add_session"}}, {"model": "auth.permission", "pk": 18, "fields": {"name": "Can change session", "content_type": 5, "codename": "change_session"}}, {"model": "auth.permission", "pk": 19, "fields": {"name": "Can delete session", "content_type": 5, "codename": "delete_session"}}, {"model": "auth.permission", "pk": 20, "fields": {"name": "Can view session", "content_type": 5, "codename": "view_session"}}, {"model": "auth.permission", "pk": 21, "fields": {"name": "Can add user", "content_type": 6, "codename": "add_user"}}, {"model": "auth.permission", "pk": 22, "fields": {"name": "Can change user", "content_type": 6, "codename": "change_user"}}, {"model": "auth.permission", "pk": 23, "fields": {"name": "Can delete user", "content_type": 6, "codename": "delete_user"}}, {"model": "auth.permission", "pk": 24, "fields": {"name": "Can view user", "content_type": 6, "codename": "view_user"}}, {"model": "auth.permission", "pk": 25, "fields": {"name": "Can add Виртуальную машину", "content_type": 7, "codename": "add_virtualmachine"}}, {"model": "auth.permission", "pk": 26, "fields": {"name": "Can change Виртуальную машину", "content_type": 7, "codename": "change_virtualmachine"}}, {"model": "auth.permission", "pk": 27, "fields": {"name": "Can delete Виртуальную машину", "content_type": 7, "codename": "delete_virtualmachine"}}, {"model": "auth.permission", "pk": 28, "fields": {"name": "Can view Виртуальную машину", "content_type": 7, "codename": "view_virtualmachine"}}, {"model": "auth.permission", "pk": 29, "fields": {"name": "Can add network", "content_type": 8, "codename": "add_network"}}, {"model": "auth.permission", "pk": 30, "fields": {"name": "Can change network", "content_type": 8, "codename": "change_network"}}, {"model": "auth.permission", "pk": 31, "fields": {"name": "Can delete network", "content_type": 8, "codename": "delete_network"}}, {"model": "auth.permission", "pk": 32, "fields": {"name": "Can view network", "content_type": 8, "codename": "view_network"}}, {"model": "auth.permission", "pk": 33, "fields": {"name": "Can add report", "content_type": 9, "codename": "add_report"}}, {"model": "auth.permission", "pk": 34, "fields": {"name": "Can change report", "content_type": 9, "codename": "change_report"}}, {"model": "auth.permission", "pk": 35, "fields": {"name": "Can delete report", "content_type": 9, "codename": "delete_report"}}, {"model": "auth.permission", "pk": 36, "fields": {"name": "Can view report", "content_type": 9, "codename": "view_report"}}, {"model": "auth.permission", "pk": 37, "fields": {"name": "Can add additional hdd", "content_type": 10, "codename": "add_additionalhdd"}}, {"model": "auth.permission", "pk": 38, "fields": {"name": "Can change additional hdd", "content_type": 10, "codename": "change_additionalhdd"}}, {"model": "auth.permission", "pk": 39, "fields": {"name": "Can delete additional hdd", "content_type": 10, "codename": "delete_additionalhdd"}}, {"model": "auth.permission", "pk": 40, "fields": {"name": "Can view additional hdd", "content_type": 10, "codename": "view_additionalhdd"}}, {"model": "contenttypes.contenttype", "pk": 1, "fields": {"app_label": "admin", "model": "logentry"}}, {"model": "contenttypes.contenttype", "pk": 2, "fields": {"app_label": "auth", "model": "permission"}}, {"model": "contenttypes.contenttype", "pk": 3, "fields": {"app_label": "auth", "model": "group"}}, {"model": "contenttypes.contenttype", "pk": 4, "fields": {"app_label": "contenttypes", "model": "contenttype"}}, {"model": "contenttypes.contenttype", "pk": 5, "fields": {"app_label": "sessions", "model": "session"}}, {"model": "contenttypes.contenttype", "pk": 6, "fields": {"app_label": "core", "model": "user"}}, {"model": "contenttypes.contenttype", "pk": 7, "fields": {"app_label": "core", "model": "virtualmachine"}}, {"model": "contenttypes.contenttype", "pk": 8, "fields": {"app_label": "core", "model": "network"}}, {"model": "contenttypes.contenttype", "pk": 9, "fields": {"app_label": "core", "model": "report"}}, {"model": "contenttypes.contenttype", "pk": 10, "fields": {"app_label": "core", "model": "additionalhdd"}}, {"model": "core.user", "pk": 1, "fields": {"password": "fgjt[fkb005]", "last_login": null, "is_superuser": false, "username": "evgen1426", "first_name": "", "last_name": "", "email": "", "is_staff": false, "is_active": true, "date_joined": "2020-09-28T16:43:16.534Z", "balance": 1000, "country": "Russia", "groups": [], "user_permissions": []}}, {"model": "core.user", "pk": 2, "fields": {"password": "fgjt[fkb005]", "last_login": null, "is_superuser": false, "username": "evgen1427", "first_name": "", "last_name": "", "email": "", "is_staff": false, "is_active": true, "date_joined": "2020-09-28T16:43:16.545Z", "balance": 1000, "country": "Russia", "groups": [], "user_permissions": []}}, {"model": "core.virtualmachine", "pk": 1, "fields": {"create_date": "2020-09-28T16:43:15.329Z", "cpu": 32, "ram": 32, "hdd_type": "sas", "hdd_capacity": 1700, "current_user": null, "cost": 25602, "networks": []}}, {"model": "core.virtualmachine", "pk": 2, "fields": {"create_date": "2020-09-28T16:43:15.365Z", "cpu": 1, "ram": 16, "hdd_type": "sata", "hdd_capacity": 800, "current_user": null, "cost": 8698, "networks": []}}, {"model": "core.virtualmachine", "pk": 3, "fields": {"create_date": "2020-09-28T16:43:15.375Z", "cpu": 4, "ram": 4, "hdd_type": "sas", "hdd_capacity": 350, "current_user": null, "cost": 5214, "networks": []}}, {"model": "core.virtualmachine", "pk": 4, "fields": {"create_date": "2020-09-28T16:43:15.386Z", "cpu": 2, "ram": 8, "hdd_type": "sas", "hdd_capacity": 1400, "current_user": null, "cost": 20619, "networks": []}}, {"model": "core.virtualmachine", "pk": 5, "fields": {"create_date": "2020-09-28T16:43:15.397Z", "cpu": 8, "ram": 16, "hdd_type": "sas", "hdd_capacity": 300, "current_user": null, "cost": 4657, "networks": []}}, {"model": "core.virtualmachine", "pk": 6, "fields": {"create_date": "2020-09-28T16:43:15.408Z", "cpu": 8, "ram": 1, "hdd_type": "sata", "hdd_capacity": 600, "current_user": null, "cost": 6481, "networks": []}}, {"model": "core.virtualmachine", "pk": 7, "fields": {"create_date": "2020-09-28T16:43:15.419Z", "cpu": 1, "ram": 1, "hdd_type": "sas", "hdd_capacity": 550, "current_user": null, "cost": 8079, "networks": []}}, {"model": "core.virtualmachine", "pk": 8, "fields": {"create_date": "2020-09-28T16:43:15.431Z", "cpu": 64, "ram": 8, "hdd_type": "sas", "hdd_capacity": 2000, "current_user": null, "cost": 30081, "networks": []}}, {"model": "core.virtualmachine", "pk": 9, "fields": {"create_date": "2020-09-28T16:43:15.442Z", "cpu": 2, "ram": 8, "hdd_type": "ssd", "hdd_capacity": 200, "current_user": null, "cost": 4187, "networks": []}}, {"model": "core.virtualmachine", "pk": 10, "fields": {"create_date": "2020-09-28T16:43:15.452Z", "cpu": 1, "ram": 1, "hdd_type": "sata", "hdd_capacity": 100, "current_user": null, "cost": 1085, "networks": []}}, {"model": "core.virtualmachine", "pk": 11, "fields": {"create_date": "2020-09-28T16:43:15.463Z", "cpu": 64, "ram": 16, "hdd_type": "sata", "hdd_capacity": 250, "current_user": null, "cost": 3529, "networks": []}}, {"model": "core.virtualmachine", "pk": 12, "fields": {"create_date": "2020-09-28T16:43:15.475Z", "cpu": 16, "ram": 8, "hdd_type": "ssd", "hdd_capacity": 400, "current_user": null, "cost": 8417, "networks": []}}, {"model": "core.virtualmachine", "pk": 13, "fields": {"create_date": "2020-09-28T16:43:15.486Z", "cpu": 32, "ram": 8, "hdd_type": "sata", "hdd_capacity": 1250, "current_user": null, "cost": 13734, "networks": []}}, {"model": "core.virtualmachine", "pk": 14, "fields": {"create_date": "2020-09-28T16:43:15.498Z", "cpu": 1, "ram": 1, "hdd_type": "sas", "hdd_capacity": 1750, "current_user": null, "cost": 25659, "networks": []}}, {"model": "core.virtualmachine", "pk": 15, "fields": {"create_date": "2020-09-28T16:43:15.508Z", "cpu": 32, "ram": 32, "hdd_type": "sata", "hdd_capacity": 100, "current_user": null, "cost": 1761, "networks": []}}, {"model": "core.virtualmachine", "pk": 16, "fields": {"create_date": "2020-09-28T16:43:15.519Z", "cpu": 32, "ram": 1, "hdd_type": "ssd", "hdd_capacity": 950, "current_user": null, "cost": 19728, "networks": []}}, {"model": "core.virtualmachine", "pk": 17, "fields": {"create_date": "2020-09-28T16:43:15.530Z", "cpu": 1, "ram": 2, "hdd_type": "ssd", "hdd_capacity": 250, "current_user": null, "cost": 5130, "networks": []}}, {"model": "core.virtualmachine", "pk": 18, "fields": {"create_date": "2020-09-28T16:43:15.541Z", "cpu": 2, "ram": 16, "hdd_type": "ssd", "hdd_capacity": 450, "current_user": null, "cost": 9372, "networks": []}}, {"model": "core.virtualmachine", "pk": 19, "fields": {"create_date": "2020-09-28T16:43:15.552Z", "cpu": 1, "ram": 1, "hdd_type": "sata", "hdd_capacity": 1450, "current_user": null, "cost": 15449, "networks": []}}, {"model": "core.virtualmachine", "pk": 20, "fields": {"create_date": "2020-09-28T16:43:15.563Z", "cpu": 4, "ram": 16, "hdd_type": "ssd", "hdd_capacity": 300, "current_user": null, "cost": 6335, "networks": []}}, {"model": "core.virtualmachine", "pk": 21, "fields": {"create_date": "2020-09-28T16:43:15.573Z", "cpu": 4, "ram": 16, "hdd_type": "sas", "hdd_capacity": 750, "current_user": null, "cost": 11206, "networks": []}}, {"model": "core.virtualmachine", "pk": 22, "fields": {"create_date": "2020-09-28T16:43:15.584Z", "cpu": 4, "ram": 2, "hdd_type": "sas", "hdd_capacity": 250, "current_user": null, "cost": 3727, "networks": []}}, {"model": "core.virtualmachine", "pk": 23, "fields": {"create_date": "2020-09-28T16:43:15.595Z", "cpu": 32, "ram": 2, "hdd_type": "ssd", "hdd_capacity": 500, "current_user": null, "cost": 10563, "networks": []}}, {"model": "core.virtualmachine", "pk": 24, "fields": {"create_date": "2020-09-28T16:43:15.607Z", "cpu": 2, "ram": 4, "hdd_type": "ssd", "hdd_capacity": 1000, "current_user": null, "cost": 20455, "networks": []}}, {"model": "core.virtualmachine", "pk": 25, "fields": {"create_date": "2020-09-28T16:43:15.619Z", "cpu": 4, "ram": 1, "hdd_type": "sata", "hdd_capacity": 200, "current_user": null, "cost": 2182, "networks": []}}, {"model": "core.virtualmachine", "pk": 26, "fields": {"create_date": "2020-09-28T16:43:15.641Z", "cpu": 8, "ram": 1, "hdd_type": "ssd", "hdd_capacity": 700, "current_user": null, "cost": 14370, "networks": []}}, {"model": "core.virtualmachine", "pk": 27, "fields": {"create_date": "2020-09-28T16:43:15.652Z", "cpu": 128, "ram": 32, "hdd_type": "sata", "hdd_capacity": 300, "current_user": null, "cost": 4930, "networks": []}}, {"model": "core.virtualmachine", "pk": 28, "fields": {"create_date": "2020-09-28T16:43:15.663Z", "cpu": 8, "ram": 32, "hdd_type": "sas", "hdd_capacity": 550, "current_user": null, "cost": 8495, "networks": []}}, {"model": "core.virtualmachine", "pk": 29, "fields": {"create_date": "2020-09-28T16:43:15.674Z", "cpu": 128, "ram": 8, "hdd_type": "sata", "hdd_capacity": 600, "current_user": null, "cost": 7859, "networks": []}}, {"model": "core.virtualmachine", "pk": 30, "fields": {"create_date": "2020-09-28T16:43:15.685Z", "cpu": 1, "ram": 4, "hdd_type": "ssd", "hdd_capacity": 150, "current_user": null, "cost": 3113, "networks": []}}, {"model": "core.virtualmachine", "pk": 31, "fields": {"create_date": "2020-09-28T16:43:15.696Z", "cpu": 4, "ram": 1, "hdd_type": "sata", "hdd_capacity": 100, "current_user": null, "cost": 1118, "networks": []}}, {"model": "core.virtualmachine", "pk": 32, "fields": {"create_date": "2020-09-28T16:43:15.706Z", "cpu": 8, "ram": 8, "hdd_type": "ssd", "hdd_capacity": 1600, "current_user": null, "cost": 32798, "networks": []}}, {"model": "core.virtualmachine", "pk": 33, "fields": {"create_date": "2020-09-28T16:43:15.718Z", "cpu": 1, "ram": 4, "hdd_type": "sata", "hdd_capacity": 1550, "current_user": null, "cost": 16546, "networks": []}}, {"model": "core.virtualmachine", "pk": 34, "fields": {"create_date": "2020-09-28T16:43:15.729Z", "cpu": 2, "ram": 16, "hdd_type": "sas", "hdd_capacity": 350, "current_user": null, "cost": 5324, "networks": []}}, {"model": "core.virtualmachine", "pk": 35, "fields": {"create_date": "2020-09-28T16:43:15.741Z", "cpu": 4, "ram": 2, "hdd_type": "sata", "hdd_capacity": 400, "current_user": null, "cost": 4321, "networks": []}}, {"model": "core.virtualmachine", "pk": 36, "fields": {"create_date": "2020-09-28T16:43:15.752Z", "cpu": 2, "ram": 32, "hdd_type": "sata", "hdd_capacity": 150, "current_user": null, "cost": 1968, "networks": []}}, {"model": "core.virtualmachine", "pk": 37, "fields": {"create_date": "2020-09-28T16:43:15.762Z", "cpu": 32, "ram": 4, "hdd_type": "sas", "hdd_capacity": 650, "current_user": null, "cost": 9913, "networks": []}}, {"model": "core.virtualmachine", "pk": 38, "fields": {"create_date": "2020-09-28T16:43:15.773Z", "cpu": 1, "ram": 32, "hdd_type": "ssd", "hdd_capacity": 1450, "current_user": null, "cost": 29927, "networks": []}}, {"model": "core.virtualmachine", "pk": 39, "fields": {"create_date": "2020-09-28T16:43:15.784Z", "cpu": 32, "ram": 32, "hdd_type": "sata", "hdd_capacity": 950, "current_user": null, "cost": 10805, "networks": []}}, {"model": "core.virtualmachine", "pk": 40, "fields": {"create_date": "2020-09-28T16:43:15.795Z", "cpu": 1, "ram": 16, "hdd_type": "sata", "hdd_capacity": 800, "current_user": null, "cost": 8698, "networks": []}}, {"model": "core.virtualmachine", "pk": 41, "fields": {"create_date": "2020-09-28T16:43:15.806Z", "cpu": 64, "ram": 32, "hdd_type": "sata", "hdd_capacity": 650, "current_user": null, "cost": 7960, "networks": []}}, {"model": "core.virtualmachine", "pk": 42, "fields": {"create_date": "2020-09-28T16:43:15.818Z", "cpu": 64, "ram": 2, "hdd_type": "sas", "hdd_capacity": 400, "current_user": null, "cost": 6575, "networks": []}}, {"model": "core.virtualmachine", "pk": 43, "fields": {"create_date": "2020-09-28T16:43:15.829Z", "cpu": 32, "ram": 4, "hdd_type": "sas", "hdd_capacity": 1350, "current_user": null, "cost": 20168, "networks": []}}, {"model": "core.virtualmachine", "pk": 44, "fields": {"create_date": "2020-09-28T16:43:15.840Z", "cpu": 32, "ram": 8, "hdd_type": "sata", "hdd_capacity": 1200, "current_user": null, "cost": 13202, "networks": []}}, {"model": "core.virtualmachine", "pk": 45, "fields": {"create_date": "2020-09-28T16:43:15.851Z", "cpu": 16, "ram": 8, "hdd_type": "sata", "hdd_capacity": 1350, "current_user": null, "cost": 14625, "networks": []}}, {"model": "core.virtualmachine", "pk": 46, "fields": {"create_date": "2020-09-28T16:43:15.862Z", "cpu": 1, "ram": 4, "hdd_type": "sas", "hdd_capacity": 1900, "current_user": null, "cost": 27889, "networks": []}}, {"model": "core.virtualmachine", "pk": 47, "fields": {"create_date": "2020-09-28T16:43:15.873Z", "cpu": 4, "ram": 16, "hdd_type": "sata", "hdd_capacity": 750, "current_user": null, "cost": 8198, "networks": []}}, {"model": "core.virtualmachine", "pk": 48, "fields": {"create_date": "2020-09-28T16:43:15.884Z", "cpu": 1, "ram": 4, "hdd_type": "ssd", "hdd_capacity": 2000, "current_user": null, "cost": 40834, "networks": []}}, {"model": "core.virtualmachine", "pk": 49, "fields": {"create_date": "2020-09-28T16:43:15.895Z", "cpu": 4, "ram": 8, "hdd_type": "ssd", "hdd_capacity": 1450, "current_user": null, "cost": 29696, "networks": []}}, {"model": "core.virtualmachine", "pk": 50, "fields": {"create_date": "2020-09-28T16:43:15.906Z", "cpu": 128, "ram": 4, "hdd_type": "sata", "hdd_capacity": 2000, "current_user": null, "cost": 22711, "networks": []}}, {"model": "core.virtualmachine", "pk": 51, "fields": {"create_date": "2020-09-28T16:43:15.918Z", "cpu": 2, "ram": 32, "hdd_type": "ssd", "hdd_capacity": 50, "current_user": null, "cost": 1392, "networks": []}}, {"model": "core.virtualmachine", "pk": 52, "fields": {"create_date": "2020-09-28T16:43:15.941Z", "cpu": 8, "ram": 16, "hdd_type": "sata", "hdd_capacity": 1600, "current_user": null, "cost": 17286, "networks": []}}, {"model": "core.virtualmachine", "pk": 53, "fields": {"create_date": "2020-09-28T16:43:15.963Z", "cpu": 8, "ram": 16, "hdd_type": "sas", "hdd_capacity": 1400, "current_user": null, "cost": 20772, "networks": []}}, {"model": "core.virtualmachine", "pk": 54, "fields": {"create_date": "2020-09-28T16:43:15.985Z", "cpu": 2, "ram": 2, "hdd_type": "sas", "hdd_capacity": 200, "current_user": null, "cost": 2973, "networks": []}}, {"model": "core.virtualmachine", "pk": 55, "fields": {"create_date": "2020-09-28T16:43:15.995Z", "cpu": 32, "ram": 16, "hdd_type": "sas", "hdd_capacity": 750, "current_user": null, "cost": 11509, "networks": []}}, {"model": "core.virtualmachine", "pk": 56, "fields": {"create_date": "2020-09-28T16:43:16.006Z", "cpu": 2, "ram": 8, "hdd_type": "ssd", "hdd_capacity": 550, "current_user": null, "cost": 11323, "networks": []}}, {"model": "core.virtualmachine", "pk": 57, "fields": {"create_date": "2020-09-28T16:43:16.017Z", "cpu": 1, "ram": 16, "hdd_type": "sata", "hdd_capacity": 100, "current_user": null, "cost": 1250, "networks": []}}, {"model": "core.virtualmachine", "pk": 58, "fields": {"create_date": "2020-09-28T16:43:16.028Z", "cpu": 16, "ram": 2, "hdd_type": "sata", "hdd_capacity": 1850, "current_user": null, "cost": 19879, "networks": []}}, {"model": "core.virtualmachine", "pk": 59, "fields": {"create_date": "2020-09-28T16:43:16.040Z", "cpu": 64, "ram": 4, "hdd_type": "sas", "hdd_capacity": 650, "current_user": null, "cost": 10260, "networks": []}}, {"model": "core.virtualmachine", "pk": 60, "fields": {"create_date": "2020-09-28T16:43:16.050Z", "cpu": 8, "ram": 2, "hdd_type": "sata", "hdd_capacity": 1500, "current_user": null, "cost": 16068, "networks": []}}, {"model": "core.virtualmachine", "pk": 61, "fields": {"create_date": "2020-09-28T16:43:16.061Z", "cpu": 128, "ram": 2, "hdd_type": "sata", "hdd_capacity": 650, "current_user": null, "cost": 8325, "networks": []}}, {"model": "core.virtualmachine", "pk": 62, "fields": {"create_date": "2020-09-28T16:43:16.073Z", "cpu": 32, "ram": 1, "hdd_type": "sas", "hdd_capacity": 1700, "current_user": null, "cost": 25262, "networks": []}}, {"model": "core.virtualmachine", "pk": 63, "fields": {"create_date": "2020-09-28T16:43:16.083Z", "cpu": 2, "ram": 4, "hdd_type": "ssd", "hdd_capacity": 850, "current_user": null, "cost": 17397, "networks": []}}, {"model": "core.virtualmachine", "pk": 64, "fields": {"create_date": "2020-09-28T16:43:16.094Z", "cpu": 128, "ram": 32, "hdd_type": "ssd", "hdd_capacity": 1550, "current_user": null, "cost": 33343, "networks": []}}, {"model": "core.virtualmachine", "pk": 65, "fields": {"create_date": "2020-09-28T16:43:16.106Z", "cpu": 4, "ram": 4, "hdd_type": "sas", "hdd_capacity": 1000, "current_user": null, "cost": 14737, "networks": []}}, {"model": "core.virtualmachine", "pk": 66, "fields": {"create_date": "2020-09-28T16:43:16.129Z", "cpu": 16, "ram": 2, "hdd_type": "sata", "hdd_capacity": 950, "current_user": null, "cost": 10303, "networks": []}}, {"model": "core.virtualmachine", "pk": 67, "fields": {"create_date": "2020-09-28T16:43:16.152Z", "cpu": 32, "ram": 8, "hdd_type": "sata", "hdd_capacity": 1600, "current_user": null, "cost": 17458, "networks": []}}, {"model": "core.virtualmachine", "pk": 68, "fields": {"create_date": "2020-09-28T16:43:16.173Z", "cpu": 4, "ram": 16, "hdd_type": "sata", "hdd_capacity": 1850, "current_user": null, "cost": 19902, "networks": []}}, {"model": "core.virtualmachine", "pk": 69, "fields": {"create_date": "2020-09-28T16:43:16.183Z", "cpu": 16, "ram": 2, "hdd_type": "sas", "hdd_capacity": 950, "current_user": null, "cost": 14112, "networks": []}}, {"model": "core.virtualmachine", "pk": 70, "fields": {"create_date": "2020-09-28T16:43:16.194Z", "cpu": 32, "ram": 1, "hdd_type": "sata", "hdd_capacity": 1300, "current_user": null, "cost": 14189, "networks": []}}, {"model": "core.virtualmachine", "pk": 71, "fields": {"create_date": "2020-09-28T16:43:16.205Z", "cpu": 1, "ram": 16, "hdd_type": "ssd", "hdd_capacity": 1700, "current_user": null, "cost": 34849, "networks": []}}, {"model": "core.virtualmachine", "pk": 72, "fields": {"create_date": "2020-09-28T16:43:16.217Z", "cpu": 32, "ram": 1, "hdd_type": "sata", "hdd_capacity": 50, "current_user": null, "cost": 889, "networks": []}}, {"model": "core.virtualmachine", "pk": 73, "fields": {"create_date": "2020-09-28T16:43:16.227Z", "cpu": 8, "ram": 1, "hdd_type": "sata", "hdd_capacity": 400, "current_user": null, "cost": 4353, "networks": []}}, {"model": "core.virtualmachine", "pk": 74, "fields": {"create_date": "2020-09-28T16:43:16.238Z", "cpu": 8, "ram": 1, "hdd_type": "sata", "hdd_capacity": 1050, "current_user": null, "cost": 11269, "networks": []}}, {"model": "core.virtualmachine", "pk": 75, "fields": {"create_date": "2020-09-28T16:43:16.249Z", "cpu": 32, "ram": 4, "hdd_type": "sata", "hdd_capacity": 1750, "current_user": null, "cost": 19010, "networks": []}}, {"model": "core.virtualmachine", "pk": 76, "fields": {"create_date": "2020-09-28T16:43:16.260Z", "cpu": 2, "ram": 32, "hdd_type": "sata", "hdd_capacity": 350, "current_user": null, "cost": 4096, "networks": []}}, {"model": "core.virtualmachine", "pk": 77, "fields": {"create_date": "2020-09-28T16:43:16.272Z", "cpu": 2, "ram": 16, "hdd_type": "sas", "hdd_capacity": 50, "current_user": null, "cost": 929, "networks": []}}, {"model": "core.virtualmachine", "pk": 78, "fields": {"create_date": "2020-09-28T16:43:16.283Z", "cpu": 128, "ram": 16, "hdd_type": "sata", "hdd_capacity": 900, "current_user": null, "cost": 11139, "networks": []}}, {"model": "core.virtualmachine", "pk": 79, "fields": {"create_date": "2020-09-28T16:43:16.294Z", "cpu": 2, "ram": 4, "hdd_type": "ssd", "hdd_capacity": 1950, "current_user": null, "cost": 39826, "networks": []}}, {"model": "core.virtualmachine", "pk": 80, "fields": {"create_date": "2020-09-28T16:43:16.305Z", "cpu": 2, "ram": 32, "hdd_type": "sas", "hdd_capacity": 1000, "current_user": null, "cost": 15022, "networks": []}}, {"model": "core.virtualmachine", "pk": 81, "fields": {"create_date": "2020-09-28T16:43:16.316Z", "cpu": 4, "ram": 8, "hdd_type": "sas", "hdd_capacity": 250, "current_user": null, "cost": 3793, "networks": []}}, {"model": "core.virtualmachine", "pk": 82, "fields": {"create_date": "2020-09-28T16:43:16.327Z", "cpu": 8, "ram": 8, "hdd_type": "ssd", "hdd_capacity": 700, "current_user": null, "cost": 14447, "networks": []}}, {"model": "core.virtualmachine", "pk": 83, "fields": {"create_date": "2020-09-28T16:43:16.338Z", "cpu": 16, "ram": 1, "hdd_type": "sata", "hdd_capacity": 550, "current_user": null, "cost": 6036, "networks": []}}, {"model": "core.virtualmachine", "pk": 84, "fields": {"create_date": "2020-09-28T16:43:16.349Z", "cpu": 64, "ram": 2, "hdd_type": "sata", "hdd_capacity": 750, "current_user": null, "cost": 8695, "networks": []}}, {"model": "core.virtualmachine", "pk": 85, "fields": {"create_date": "2020-09-28T16:43:16.361Z", "cpu": 8, "ram": 1, "hdd_type": "sas", "hdd_capacity": 1050, "current_user": null, "cost": 15480, "networks": []}}, {"model": "core.virtualmachine", "pk": 86, "fields": {"create_date": "2020-09-28T16:43:16.372Z", "cpu": 1, "ram": 8, "hdd_type": "sas", "hdd_capacity": 550, "current_user": null, "cost": 8156, "networks": []}}, {"model": "core.virtualmachine", "pk": 87, "fields": {"create_date": "2020-09-28T16:43:16.382Z", "cpu": 32, "ram": 1, "hdd_type": "ssd", "hdd_capacity": 2000, "current_user": null, "cost": 41137, "networks": []}}, {"model": "core.virtualmachine", "pk": 88, "fields": {"create_date": "2020-09-28T16:43:16.393Z", "cpu": 1, "ram": 8, "hdd_type": "sas", "hdd_capacity": 350, "current_user": null, "cost": 5226, "networks": []}}, {"model": "core.virtualmachine", "pk": 89, "fields": {"create_date": "2020-09-28T16:43:16.405Z", "cpu": 128, "ram": 1, "hdd_type": "sata", "hdd_capacity": 1600, "current_user": null, "cost": 18422, "networks": []}}, {"model": "core.virtualmachine", "pk": 90, "fields": {"create_date": "2020-09-28T16:43:16.415Z", "cpu": 1, "ram": 1, "hdd_type": "sata", "hdd_capacity": 350, "current_user": null, "cost": 3745, "networks": []}}, {"model": "core.virtualmachine", "pk": 91, "fields": {"create_date": "2020-09-28T16:43:16.427Z", "cpu": 4, "ram": 4, "hdd_type": "sas", "hdd_capacity": 200, "current_user": null, "cost": 3017, "networks": []}}, {"model": "core.virtualmachine", "pk": 92, "fields": {"create_date": "2020-09-28T16:43:16.438Z", "cpu": 4, "ram": 2, "hdd_type": "sata", "hdd_capacity": 1200, "current_user": null, "cost": 12833, "networks": []}}, {"model": "core.virtualmachine", "pk": 93, "fields": {"create_date": "2020-09-28T16:43:16.448Z", "cpu": 64, "ram": 16, "hdd_type": "sata", "hdd_capacity": 1700, "current_user": null, "cost": 18957, "networks": []}}, {"model": "core.virtualmachine", "pk": 94, "fields": {"create_date": "2020-09-28T16:43:16.460Z", "cpu": 64, "ram": 32, "hdd_type": "sas", "hdd_capacity": 350, "current_user": null, "cost": 6172, "networks": []}}, {"model": "core.virtualmachine", "pk": 95, "fields": {"create_date": "2020-09-28T16:43:16.472Z", "cpu": 4, "ram": 4, "hdd_type": "sas", "hdd_capacity": 1350, "current_user": null, "cost": 19864, "networks": []}}, {"model": "core.virtualmachine", "pk": 96, "fields": {"create_date": "2020-09-28T16:43:16.482Z", "cpu": 64, "ram": 2, "hdd_type": "ssd", "hdd_capacity": 850, "current_user": null, "cost": 18047, "networks": []}}, {"model": "core.virtualmachine", "pk": 97, "fields": {"create_date": "2020-09-28T16:43:16.493Z", "cpu": 4, "ram": 1, "hdd_type": "sata", "hdd_capacity": 250, "current_user": null, "cost": 2714, "networks": []}}, {"model": "core.virtualmachine", "pk": 98, "fields": {"create_date": "2020-09-28T16:43:16.505Z", "cpu": 32, "ram": 2, "hdd_type": "sata", "hdd_capacity": 150, "current_user": null, "cost": 1964, "networks": []}}, {"model": "core.virtualmachine", "pk": 99, "fields": {"create_date": "2020-09-28T16:43:16.515Z", "cpu": 2, "ram": 16, "hdd_type": "ssd", "hdd_capacity": 750, "current_user": null, "cost": 15489, "networks": []}}, {"model": "core.virtualmachine", "pk": 100, "fields": {"create_date": "2020-09-28T16:43:16.526Z", "cpu": 128, "ram": 16, "hdd_type": "sas", "hdd_capacity": 1550, "current_user": null, "cost": 24270, "networks": []}}, {"model": "core.additionalhdd", "pk": 1, "fields": {"create_date": "2020-09-28T16:43:10.626Z", "hdd_type": "ssd", "hdd_capacity": 550, "virtual_machine": 1, "cost": 0}}, {"model": "core.additionalhdd", "pk": 2, "fields": {"create_date": "2020-09-28T16:43:10.651Z", "hdd_type": "sas", "hdd_capacity": 1500, "virtual_machine": 2, "cost": 0}}, {"model": "core.additionalhdd", "pk": 3, "fields": {"create_date": "2020-09-28T16:43:10.674Z", "hdd_type": "sata", "hdd_capacity": 1700, "virtual_machine": 3, "cost": 0}}, {"model": "core.additionalhdd", "pk": 4, "fields": {"create_date": "2020-09-28T16:43:10.696Z", "hdd_type": "sas", "hdd_capacity": 750, "virtual_machine": 3, "cost": 0}}, {"model": "core.additionalhdd", "pk": 5, "fields": {"create_date": "2020-09-28T16:43:10.718Z", "hdd_type": "sas", "hdd_capacity": 50, "virtual_machine": 3, "cost": 0}}, {"model": "core.additionalhdd", "pk": 6, "fields": {"create_date": "2020-09-28T16:43:10.741Z", "hdd_type": "ssd", "hdd_capacity": 850, "virtual_machine": 3, "cost": 0}}, {"model": "core.additionalhdd", "pk": 7, "fields": {"create_date": "2020-09-28T16:43:10.766Z", "hdd_type": "sata", "hdd_capacity": 1800, "virtual_machine": 4, "cost": 0}}, {"model": "core.additionalhdd", "pk": 8, "fields": {"create_date": "2020-09-28T16:43:10.784Z", "hdd_type": "sata", "hdd_capacity": 1150, "virtual_machine": 4, "cost": 0}}, {"model": "core.additionalhdd", "pk": 9, "fields": {"create_date": "2020-09-28T16:43:10.807Z", "hdd_type": "sata", "hdd_capacity": 1950, "virtual_machine": 4, "cost": 0}}, {"model": "core.additionalhdd", "pk": 10, "fields": {"create_date": "2020-09-28T16:43:10.865Z", "hdd_type": "sas", "hdd_capacity": 1600, "virtual_machine": 5, "cost": 0}}, {"model": "core.additionalhdd", "pk": 11, "fields": {"create_date": "2020-09-28T16:43:10.907Z", "hdd_type": "sata", "hdd_capacity": 650, "virtual_machine": 6, "cost": 0}}, {"model": "core.additionalhdd", "pk": 12, "fields": {"create_date": "2020-09-28T16:43:10.929Z", "hdd_type": "sas", "hdd_capacity": 1150, "virtual_machine": 6, "cost": 0}}, {"model": "core.additionalhdd", "pk": 13, "fields": {"create_date": "2020-09-28T16:43:10.951Z", "hdd_type": "sas", "hdd_capacity": 1950, "virtual_machine": 7, "cost": 0}}, {"model": "core.additionalhdd", "pk": 14, "fields": {"create_date": "2020-09-28T16:43:10.973Z", "hdd_type": "ssd", "hdd_capacity": 2000, "virtual_machine": 8, "cost": 0}}, {"model": "core.additionalhdd", "pk": 15, "fields": {"create_date": "2020-09-28T16:43:10.995Z", "hdd_type": "sata", "hdd_capacity": 1500, "virtual_machine": 8, "cost": 0}}, {"model": "core.additionalhdd", "pk": 16, "fields": {"create_date": "2020-09-28T16:43:11.017Z", "hdd_type": "sas", "hdd_capacity": 600, "virtual_machine": 8, "cost": 0}}, {"model": "core.additionalhdd", "pk": 17, "fields": {"create_date": "2020-09-28T16:43:11.039Z", "hdd_type": "sas", "hdd_capacity": 300, "virtual_machine": 9, "cost": 0}}, {"model": "core.additionalhdd", "pk": 18, "fields": {"create_date": "2020-09-28T16:43:11.062Z", "hdd_type": "ssd", "hdd_capacity": 300, "virtual_machine": 9, "cost": 0}}, {"model": "core.additionalhdd", "pk": 19, "fields": {"create_date": "2020-09-28T16:43:11.083Z", "hdd_type": "sata", "hdd_capacity": 1300, "virtual_machine": 9, "cost": 0}}, {"model": "core.additionalhdd", "pk": 20, "fields": {"create_date": "2020-09-28T16:43:11.107Z", "hdd_type": "sata", "hdd_capacity": 50, "virtual_machine": 9, "cost": 0}}, {"model": "core.additionalhdd", "pk": 21, "fields": {"create_date": "2020-09-28T16:43:11.128Z", "hdd_type": "ssd", "hdd_capacity": 100, "virtual_machine": 10, "cost": 0}}, {"model": "core.additionalhdd", "pk": 22, "fields": {"create_date": "2020-09-28T16:43:11.150Z", "hdd_type": "sas", "hdd_capacity": 850, "virtual_machine": 10, "cost": 0}}, {"model": "core.additionalhdd", "pk": 23, "fields": {"create_date": "2020-09-28T16:43:11.173Z", "hdd_type": "sas", "hdd_capacity": 1850, "virtual_machine": 10, "cost": 0}}, {"model": "core.additionalhdd", "pk": 24, "fields": {"create_date": "2020-09-28T16:43:11.195Z", "hdd_type": "ssd", "hdd_capacity": 1850, "virtual_machine": 12, "cost": 0}}, {"model": "core.additionalhdd", "pk": 25, "fields": {"create_date": "2020-09-28T16:43:11.216Z", "hdd_type": "ssd", "hdd_capacity": 900, "virtual_machine": 12, "cost": 0}}, {"model": "core.additionalhdd", "pk": 26, "fields": {"create_date": "2020-09-28T16:43:11.240Z", "hdd_type": "sas", "hdd_capacity": 300, "virtual_machine": 12, "cost": 0}}, {"model": "core.additionalhdd", "pk": 27, "fields": {"create_date": "2020-09-28T16:43:11.262Z", "hdd_type": "sas", "hdd_capacity": 650, "virtual_machine": 12, "cost": 0}}, {"model": "core.additionalhdd", "pk": 28, "fields": {"create_date": "2020-09-28T16:43:11.282Z", "hdd_type": "ssd", "hdd_capacity": 1050, "virtual_machine": 13, "cost": 0}}, {"model": "core.additionalhdd", "pk": 29, "fields": {"create_date": "2020-09-28T16:43:11.305Z", "hdd_type": "sata", "hdd_capacity": 1150, "virtual_machine": 13, "cost": 0}}, {"model": "core.additionalhdd", "pk": 30, "fields": {"create_date": "2020-09-28T16:43:11.328Z", "hdd_type": "sas", "hdd_capacity": 250, "virtual_machine": 13, "cost": 0}}, {"model": "core.additionalhdd", "pk": 31, "fields": {"create_date": "2020-09-28T16:43:11.347Z", "hdd_type": "sata", "hdd_capacity": 1650, "virtual_machine": 14, "cost": 0}}, {"model": "core.additionalhdd", "pk": 32, "fields": {"create_date": "2020-09-28T16:43:11.370Z", "hdd_type": "sata", "hdd_capacity": 1000, "virtual_machine": 14, "cost": 0}}, {"model": "core.additionalhdd", "pk": 33, "fields": {"create_date": "2020-09-28T16:43:11.393Z", "hdd_type": "ssd", "hdd_capacity": 1700, "virtual_machine": 14, "cost": 0}}, {"model": "core.additionalhdd", "pk": 34, "fields": {"create_date": "2020-09-28T16:43:11.417Z", "hdd_type": "sas", "hdd_capacity": 1600, "virtual_machine": 15, "cost": 0}}, {"model": "core.additionalhdd", "pk": 35, "fields": {"create_date": "2020-09-28T16:43:11.437Z", "hdd_type": "ssd", "hdd_capacity": 1300, "virtual_machine": 16, "cost": 0}}, {"model": "core.additionalhdd", "pk": 36, "fields": {"create_date": "2020-09-28T16:43:11.460Z", "hdd_type": "sata", "hdd_capacity": 700, "virtual_machine": 16, "cost": 0}}, {"model": "core.additionalhdd", "pk": 37, "fields": {"create_date": "2020-09-28T16:43:11.482Z", "hdd_type": "sas", "hdd_capacity": 100, "virtual_machine": 16, "cost": 0}}, {"model": "core.additionalhdd", "pk": 38, "fields": {"create_date": "2020-09-28T16:43:11.503Z", "hdd_type": "ssd", "hdd_capacity": 1100, "virtual_machine": 16, "cost": 0}}, {"model": "core.additionalhdd", "pk": 39, "fields": {"create_date": "2020-09-28T16:43:11.527Z", "hdd_type": "sas", "hdd_capacity": 1750, "virtual_machine": 17, "cost": 0}}, {"model": "core.additionalhdd", "pk": 40, "fields": {"create_date": "2020-09-28T16:43:11.549Z", "hdd_type": "ssd", "hdd_capacity": 1250, "virtual_machine": 17, "cost": 0}}, {"model": "core.additionalhdd", "pk": 41, "fields": {"create_date": "2020-09-28T16:43:11.571Z", "hdd_type": "ssd", "hdd_capacity": 850, "virtual_machine": 18, "cost": 0}}, {"model": "core.additionalhdd", "pk": 42, "fields": {"create_date": "2020-09-28T16:43:11.593Z", "hdd_type": "sata", "hdd_capacity": 1950, "virtual_machine": 18, "cost": 0}}, {"model": "core.additionalhdd", "pk": 43, "fields": {"create_date": "2020-09-28T16:43:11.616Z", "hdd_type": "sas", "hdd_capacity": 1900, "virtual_machine": 18, "cost": 0}}, {"model": "core.additionalhdd", "pk": 44, "fields": {"create_date": "2020-09-28T16:43:11.638Z", "hdd_type": "sas", "hdd_capacity": 1800, "virtual_machine": 19, "cost": 0}}, {"model": "core.additionalhdd", "pk": 45, "fields": {"create_date": "2020-09-28T16:43:11.660Z", "hdd_type": "sas", "hdd_capacity": 1250, "virtual_machine": 19, "cost": 0}}, {"model": "core.additionalhdd", "pk": 46, "fields": {"create_date": "2020-09-28T16:43:11.752Z", "hdd_type": "ssd", "hdd_capacity": 1000, "virtual_machine": 19, "cost": 0}}, {"model": "core.additionalhdd", "pk": 47, "fields": {"create_date": "2020-09-28T16:43:11.769Z", "hdd_type": "sata", "hdd_capacity": 700, "virtual_machine": 19, "cost": 0}}, {"model": "core.additionalhdd", "pk": 48, "fields": {"create_date": "2020-09-28T16:43:11.792Z", "hdd_type": "sata", "hdd_capacity": 550, "virtual_machine": 20, "cost": 0}}, {"model": "core.additionalhdd", "pk": 49, "fields": {"create_date": "2020-09-28T16:43:11.814Z", "hdd_type": "sata", "hdd_capacity": 950, "virtual_machine": 20, "cost": 0}}, {"model": "core.additionalhdd", "pk": 50, "fields": {"create_date": "2020-09-28T16:43:11.836Z", "hdd_type": "sata", "hdd_capacity": 200, "virtual_machine": 22, "cost": 0}}, {"model": "core.additionalhdd", "pk": 51, "fields": {"create_date": "2020-09-28T16:43:11.859Z", "hdd_type": "ssd", "hdd_capacity": 1950, "virtual_machine": 23, "cost": 0}}, {"model": "core.additionalhdd", "pk": 52, "fields": {"create_date": "2020-09-28T16:43:11.881Z", "hdd_type": "sata", "hdd_capacity": 100, "virtual_machine": 25, "cost": 0}}, {"model": "core.additionalhdd", "pk": 53, "fields": {"create_date": "2020-09-28T16:43:11.903Z", "hdd_type": "sata", "hdd_capacity": 450, "virtual_machine": 25, "cost": 0}}, {"model": "core.additionalhdd", "pk": 54, "fields": {"create_date": "2020-09-28T16:43:11.926Z", "hdd_type": "sas", "hdd_capacity": 1150, "virtual_machine": 25, "cost": 0}}, {"model": "core.additionalhdd", "pk": 55, "fields": {"create_date": "2020-09-28T16:43:11.947Z", "hdd_type": "sata", "hdd_capacity": 1100, "virtual_machine": 26, "cost": 0}}, {"model": "core.additionalhdd", "pk": 56, "fields": {"create_date": "2020-09-28T16:43:11.971Z", "hdd_type": "sata", "hdd_capacity": 300, "virtual_machine": 26, "cost": 0}}, {"model": "core.additionalhdd", "pk": 57, "fields": {"create_date": "2020-09-28T16:43:11.991Z", "hdd_type": "ssd", "hdd_capacity": 1300, "virtual_machine": 26, "cost": 0}}, {"model": "core.additionalhdd", "pk": 58, "fields": {"create_date": "2020-09-28T16:43:12.013Z", "hdd_type": "ssd", "hdd_capacity": 850, "virtual_machine": 26, "cost": 0}}, {"model": "core.additionalhdd", "pk": 59, "fields": {"create_date": "2020-09-28T16:43:12.036Z", "hdd_type": "sata", "hdd_capacity": 500, "virtual_machine": 27, "cost": 0}}, {"model": "core.additionalhdd", "pk": 60, "fields": {"create_date": "2020-09-28T16:43:12.058Z", "hdd_type": "sata", "hdd_capacity": 450, "virtual_machine": 27, "cost": 0}}, {"model": "core.additionalhdd", "pk": 61, "fields": {"create_date": "2020-09-28T16:43:12.080Z", "hdd_type": "sas", "hdd_capacity": 2000, "virtual_machine": 27, "cost": 0}}, {"model": "core.additionalhdd", "pk": 62, "fields": {"create_date": "2020-09-28T16:43:12.103Z", "hdd_type": "sata", "hdd_capacity": 1900, "virtual_machine": 29, "cost": 0}}, {"model": "core.additionalhdd", "pk": 63, "fields": {"create_date": "2020-09-28T16:43:12.125Z", "hdd_type": "sas", "hdd_capacity": 700, "virtual_machine": 29, "cost": 0}}, {"model": "core.additionalhdd", "pk": 64, "fields": {"create_date": "2020-09-28T16:43:12.147Z", "hdd_type": "ssd", "hdd_capacity": 1650, "virtual_machine": 29, "cost": 0}}, {"model": "core.additionalhdd", "pk": 65, "fields": {"create_date": "2020-09-28T16:43:12.181Z", "hdd_type": "ssd", "hdd_capacity": 800, "virtual_machine": 29, "cost": 0}}, {"model": "core.additionalhdd", "pk": 66, "fields": {"create_date": "2020-09-28T16:43:12.202Z", "hdd_type": "sas", "hdd_capacity": 700, "virtual_machine": 31, "cost": 0}}, {"model": "core.additionalhdd", "pk": 67, "fields": {"create_date": "2020-09-28T16:43:12.225Z", "hdd_type": "ssd", "hdd_capacity": 1750, "virtual_machine": 31, "cost": 0}}, {"model": "core.additionalhdd", "pk": 68, "fields": {"create_date": "2020-09-28T16:43:12.246Z", "hdd_type": "sas", "hdd_capacity": 1450, "virtual_machine": 32, "cost": 0}}, {"model": "core.additionalhdd", "pk": 69, "fields": {"create_date": "2020-09-28T16:43:12.268Z", "hdd_type": "sata", "hdd_capacity": 1600, "virtual_machine": 33, "cost": 0}}, {"model": "core.additionalhdd", "pk": 70, "fields": {"create_date": "2020-09-28T16:43:12.291Z", "hdd_type": "sata", "hdd_capacity": 600, "virtual_machine": 33, "cost": 0}}, {"model": "core.additionalhdd", "pk": 71, "fields": {"create_date": "2020-09-28T16:43:12.313Z", "hdd_type": "sas", "hdd_capacity": 1200, "virtual_machine": 33, "cost": 0}}, {"model": "core.additionalhdd", "pk": 72, "fields": {"create_date": "2020-09-28T16:43:12.334Z", "hdd_type": "sas", "hdd_capacity": 300, "virtual_machine": 34, "cost": 0}}, {"model": "core.additionalhdd", "pk": 73, "fields": {"create_date": "2020-09-28T16:43:12.358Z", "hdd_type": "ssd", "hdd_capacity": 50, "virtual_machine": 34, "cost": 0}}, {"model": "core.additionalhdd", "pk": 74, "fields": {"create_date": "2020-09-28T16:43:12.379Z", "hdd_type": "sata", "hdd_capacity": 650, "virtual_machine": 34, "cost": 0}}, {"model": "core.additionalhdd", "pk": 75, "fields": {"create_date": "2020-09-28T16:43:12.400Z", "hdd_type": "sata", "hdd_capacity": 250, "virtual_machine": 34, "cost": 0}}, {"model": "core.additionalhdd", "pk": 76, "fields": {"create_date": "2020-09-28T16:43:12.423Z", "hdd_type": "sata", "hdd_capacity": 1950, "virtual_machine": 35, "cost": 0}}, {"model": "core.additionalhdd", "pk": 77, "fields": {"create_date": "2020-09-28T16:43:12.445Z", "hdd_type": "ssd", "hdd_capacity": 1150, "virtual_machine": 35, "cost": 0}}, {"model": "core.additionalhdd", "pk": 78, "fields": {"create_date": "2020-09-28T16:43:12.467Z", "hdd_type": "sata", "hdd_capacity": 1900, "virtual_machine": 36, "cost": 0}}, {"model": "core.additionalhdd", "pk": 79, "fields": {"create_date": "2020-09-28T16:43:12.490Z", "hdd_type": "sas", "hdd_capacity": 1100, "virtual_machine": 36, "cost": 0}}, {"model": "core.additionalhdd", "pk": 80, "fields": {"create_date": "2020-09-28T16:43:12.512Z", "hdd_type": "sata", "hdd_capacity": 1600, "virtual_machine": 36, "cost": 0}}, {"model": "core.additionalhdd", "pk": 81, "fields": {"create_date": "2020-09-28T16:43:12.533Z", "hdd_type": "ssd", "hdd_capacity": 1200, "virtual_machine": 36, "cost": 0}}, {"model": "core.additionalhdd", "pk": 82, "fields": {"create_date": "2020-09-28T16:43:12.557Z", "hdd_type": "ssd", "hdd_capacity": 600, "virtual_machine": 37, "cost": 0}}, {"model": "core.additionalhdd", "pk": 83, "fields": {"create_date": "2020-09-28T16:43:12.579Z", "hdd_type": "ssd", "hdd_capacity": 1100, "virtual_machine": 37, "cost": 0}}, {"model": "core.additionalhdd", "pk": 84, "fields": {"create_date": "2020-09-28T16:43:12.601Z", "hdd_type": "sata", "hdd_capacity": 650, "virtual_machine": 37, "cost": 0}}, {"model": "core.additionalhdd", "pk": 85, "fields": {"create_date": "2020-09-28T16:43:12.622Z", "hdd_type": "ssd", "hdd_capacity": 1450, "virtual_machine": 39, "cost": 0}}, {"model": "core.additionalhdd", "pk": 86, "fields": {"create_date": "2020-09-28T16:43:12.645Z", "hdd_type": "ssd", "hdd_capacity": 1200, "virtual_machine": 39, "cost": 0}}, {"model": "core.additionalhdd", "pk": 87, "fields": {"create_date": "2020-09-28T16:43:12.667Z", "hdd_type": "sata", "hdd_capacity": 1650, "virtual_machine": 40, "cost": 0}}, {"model": "core.additionalhdd", "pk": 88, "fields": {"create_date": "2020-09-28T16:43:12.691Z", "hdd_type": "sas", "hdd_capacity": 1650, "virtual_machine": 40, "cost": 0}}, {"model": "core.additionalhdd", "pk": 89, "fields": {"create_date": "2020-09-28T16:43:12.712Z", "hdd_type": "sata", "hdd_capacity": 700, "virtual_machine": 40, "cost": 0}}, {"model": "core.additionalhdd", "pk": 90, "fields": {"create_date": "2020-09-28T16:43:12.734Z", "hdd_type": "ssd", "hdd_capacity": 1050, "virtual_machine": 40, "cost": 0}}, {"model": "core.additionalhdd", "pk": 91, "fields": {"create_date": "2020-09-28T16:43:12.755Z", "hdd_type": "ssd", "hdd_capacity": 1550, "virtual_machine": 41, "cost": 0}}, {"model": "core.additionalhdd", "pk": 92, "fields": {"create_date": "2020-09-28T16:43:12.777Z", "hdd_type": "sas", "hdd_capacity": 1500, "virtual_machine": 41, "cost": 0}}, {"model": "core.additionalhdd", "pk": 93, "fields": {"create_date": "2020-09-28T16:43:12.799Z", "hdd_type": "sata", "hdd_capacity": 550, "virtual_machine": 42, "cost": 0}}, {"model": "core.additionalhdd", "pk": 94, "fields": {"create_date": "2020-09-28T16:43:12.822Z", "hdd_type": "sas", "hdd_capacity": 1550, "virtual_machine": 42, "cost": 0}}, {"model": "core.additionalhdd", "pk": 95, "fields": {"create_date": "2020-09-28T16:43:12.844Z", "hdd_type": "ssd", "hdd_capacity": 1850, "virtual_machine": 42, "cost": 0}}, {"model": "core.additionalhdd", "pk": 96, "fields": {"create_date": "2020-09-28T16:43:12.866Z", "hdd_type": "sas", "hdd_capacity": 1250, "virtual_machine": 43, "cost": 0}}, {"model": "core.additionalhdd", "pk": 97, "fields": {"create_date": "2020-09-28T16:43:12.888Z", "hdd_type": "ssd", "hdd_capacity": 1500, "virtual_machine": 43, "cost": 0}}, {"model": "core.additionalhdd", "pk": 98, "fields": {"create_date": "2020-09-28T16:43:12.934Z", "hdd_type": "ssd", "hdd_capacity": 50, "virtual_machine": 44, "cost": 0}}, {"model": "core.additionalhdd", "pk": 99, "fields": {"create_date": "2020-09-28T16:43:12.955Z", "hdd_type": "ssd", "hdd_capacity": 1200, "virtual_machine": 44, "cost": 0}}, {"model": "core.additionalhdd", "pk": 100, "fields": {"create_date": "2020-09-28T16:43:12.978Z", "hdd_type": "sas", "hdd_capacity": 1000, "virtual_machine": 44, "cost": 0}}, {"model": "core.additionalhdd", "pk": 101, "fields": {"create_date": "2020-09-28T16:43:12.998Z", "hdd_type": "sata", "hdd_capacity": 1050, "virtual_machine": 45, "cost": 0}}, {"model": "core.additionalhdd", "pk": 102, "fields": {"create_date": "2020-09-28T16:43:13.022Z", "hdd_type": "sata", "hdd_capacity": 1400, "virtual_machine": 45, "cost": 0}}, {"model": "core.additionalhdd", "pk": 103, "fields": {"create_date": "2020-09-28T16:43:13.043Z", "hdd_type": "ssd", "hdd_capacity": 100, "virtual_machine": 46, "cost": 0}}, {"model": "core.additionalhdd", "pk": 104, "fields": {"create_date": "2020-09-28T16:43:13.066Z", "hdd_type": "sas", "hdd_capacity": 950, "virtual_machine": 46, "cost": 0}}, {"model": "core.additionalhdd", "pk": 105, "fields": {"create_date": "2020-09-28T16:43:13.088Z", "hdd_type": "ssd", "hdd_capacity": 1400, "virtual_machine": 46, "cost": 0}}, {"model": "core.additionalhdd", "pk": 106, "fields": {"create_date": "2020-09-28T16:43:13.111Z", "hdd_type": "ssd", "hdd_capacity": 1800, "virtual_machine": 46, "cost": 0}}, {"model": "core.additionalhdd", "pk": 107, "fields": {"create_date": "2020-09-28T16:43:13.131Z", "hdd_type": "sas", "hdd_capacity": 50, "virtual_machine": 47, "cost": 0}}, {"model": "core.additionalhdd", "pk": 108, "fields": {"create_date": "2020-09-28T16:43:13.155Z", "hdd_type": "ssd", "hdd_capacity": 1000, "virtual_machine": 47, "cost": 0}}, {"model": "core.additionalhdd", "pk": 109, "fields": {"create_date": "2020-09-28T16:43:13.177Z", "hdd_type": "sata", "hdd_capacity": 550, "virtual_machine": 48, "cost": 0}}, {"model": "core.additionalhdd", "pk": 110, "fields": {"create_date": "2020-09-28T16:43:13.198Z", "hdd_type": "sata", "hdd_capacity": 1450, "virtual_machine": 48, "cost": 0}}, {"model": "core.additionalhdd", "pk": 111, "fields": {"create_date": "2020-09-28T16:43:13.221Z", "hdd_type": "sata", "hdd_capacity": 950, "virtual_machine": 49, "cost": 0}}, {"model": "core.additionalhdd", "pk": 112, "fields": {"create_date": "2020-09-28T16:43:13.244Z", "hdd_type": "sas", "hdd_capacity": 150, "virtual_machine": 49, "cost": 0}}, {"model": "core.additionalhdd", "pk": 113, "fields": {"create_date": "2020-09-28T16:43:13.265Z", "hdd_type": "sas", "hdd_capacity": 700, "virtual_machine": 49, "cost": 0}}, {"model": "core.additionalhdd", "pk": 114, "fields": {"create_date": "2020-09-28T16:43:13.287Z", "hdd_type": "ssd", "hdd_capacity": 1450, "virtual_machine": 49, "cost": 0}}, {"model": "core.additionalhdd", "pk": 115, "fields": {"create_date": "2020-09-28T16:43:13.310Z", "hdd_type": "sata", "hdd_capacity": 300, "virtual_machine": 50, "cost": 0}}, {"model": "core.additionalhdd", "pk": 116, "fields": {"create_date": "2020-09-28T16:43:13.330Z", "hdd_type": "ssd", "hdd_capacity": 750, "virtual_machine": 51, "cost": 0}}, {"model": "core.additionalhdd", "pk": 117, "fields": {"create_date": "2020-09-28T16:43:13.354Z", "hdd_type": "ssd", "hdd_capacity": 1050, "virtual_machine": 51, "cost": 0}}, {"model": "core.additionalhdd", "pk": 118, "fields": {"create_date": "2020-09-28T16:43:13.376Z", "hdd_type": "ssd", "hdd_capacity": 250, "virtual_machine": 51, "cost": 0}}, {"model": "core.additionalhdd", "pk": 119, "fields": {"create_date": "2020-09-28T16:43:13.398Z", "hdd_type": "sas", "hdd_capacity": 1250, "virtual_machine": 52, "cost": 0}}, {"model": "core.additionalhdd", "pk": 120, "fields": {"create_date": "2020-09-28T16:43:13.420Z", "hdd_type": "ssd", "hdd_capacity": 1850, "virtual_machine": 52, "cost": 0}}, {"model": "core.additionalhdd", "pk": 121, "fields": {"create_date": "2020-09-28T16:43:13.443Z", "hdd_type": "ssd", "hdd_capacity": 900, "virtual_machine": 53, "cost": 0}}, {"model": "core.additionalhdd", "pk": 122, "fields": {"create_date": "2020-09-28T16:43:13.462Z", "hdd_type": "sata", "hdd_capacity": 400, "virtual_machine": 53, "cost": 0}}, {"model": "core.additionalhdd", "pk": 123, "fields": {"create_date": "2020-09-28T16:43:13.484Z", "hdd_type": "sata", "hdd_capacity": 1750, "virtual_machine": 54, "cost": 0}}, {"model": "core.additionalhdd", "pk": 124, "fields": {"create_date": "2020-09-28T16:43:13.509Z", "hdd_type": "sata", "hdd_capacity": 1150, "virtual_machine": 54, "cost": 0}}, {"model": "core.additionalhdd", "pk": 125, "fields": {"create_date": "2020-09-28T16:43:13.531Z", "hdd_type": "ssd", "hdd_capacity": 1850, "virtual_machine": 54, "cost": 0}}, {"model": "core.additionalhdd", "pk": 126, "fields": {"create_date": "2020-09-28T16:43:13.552Z", "hdd_type": "ssd", "hdd_capacity": 200, "virtual_machine": 56, "cost": 0}}, {"model": "core.additionalhdd", "pk": 127, "fields": {"create_date": "2020-09-28T16:43:13.576Z", "hdd_type": "sata", "hdd_capacity": 1900, "virtual_machine": 56, "cost": 0}}, {"model": "core.additionalhdd", "pk": 128, "fields": {"create_date": "2020-09-28T16:43:13.598Z", "hdd_type": "sata", "hdd_capacity": 1250, "virtual_machine": 56, "cost": 0}}, {"model": "core.additionalhdd", "pk": 129, "fields": {"create_date": "2020-09-28T16:43:13.618Z", "hdd_type": "ssd", "hdd_capacity": 1450, "virtual_machine": 56, "cost": 0}}, {"model": "core.additionalhdd", "pk": 130, "fields": {"create_date": "2020-09-28T16:43:13.642Z", "hdd_type": "sata", "hdd_capacity": 450, "virtual_machine": 57, "cost": 0}}, {"model": "core.additionalhdd", "pk": 131, "fields": {"create_date": "2020-09-28T16:43:13.664Z", "hdd_type": "ssd", "hdd_capacity": 550, "virtual_machine": 57, "cost": 0}}, {"model": "core.additionalhdd", "pk": 132, "fields": {"create_date": "2020-09-28T16:43:13.687Z", "hdd_type": "sas", "hdd_capacity": 1700, "virtual_machine": 57, "cost": 0}}, {"model": "core.additionalhdd", "pk": 133, "fields": {"create_date": "2020-09-28T16:43:13.708Z", "hdd_type": "sas", "hdd_capacity": 1850, "virtual_machine": 58, "cost": 0}}, {"model": "core.additionalhdd", "pk": 134, "fields": {"create_date": "2020-09-28T16:43:13.731Z", "hdd_type": "sas", "hdd_capacity": 250, "virtual_machine": 59, "cost": 0}}, {"model": "core.additionalhdd", "pk": 135, "fields": {"create_date": "2020-09-28T16:43:13.751Z", "hdd_type": "sata", "hdd_capacity": 1750, "virtual_machine": 59, "cost": 0}}, {"model": "core.additionalhdd", "pk": 136, "fields": {"create_date": "2020-09-28T16:43:13.775Z", "hdd_type": "ssd", "hdd_capacity": 1750, "virtual_machine": 60, "cost": 0}}, {"model": "core.additionalhdd", "pk": 137, "fields": {"create_date": "2020-09-28T16:43:13.797Z", "hdd_type": "sata", "hdd_capacity": 150, "virtual_machine": 60, "cost": 0}}, {"model": "core.additionalhdd", "pk": 138, "fields": {"create_date": "2020-09-28T16:43:13.817Z", "hdd_type": "ssd", "hdd_capacity": 1650, "virtual_machine": 60, "cost": 0}}, {"model": "core.additionalhdd", "pk": 139, "fields": {"create_date": "2020-09-28T16:43:13.842Z", "hdd_type": "sas", "hdd_capacity": 1050, "virtual_machine": 60, "cost": 0}}, {"model": "core.additionalhdd", "pk": 140, "fields": {"create_date": "2020-09-28T16:43:13.865Z", "hdd_type": "ssd", "hdd_capacity": 1650, "virtual_machine": 61, "cost": 0}}, {"model": "core.additionalhdd", "pk": 141, "fields": {"create_date": "2020-09-28T16:43:13.884Z", "hdd_type": "sata", "hdd_capacity": 1300, "virtual_machine": 61, "cost": 0}}, {"model": "core.additionalhdd", "pk": 142, "fields": {"create_date": "2020-09-28T16:43:13.908Z", "hdd_type": "sas", "hdd_capacity": 1050, "virtual_machine": 61, "cost": 0}}, {"model": "core.additionalhdd", "pk": 143, "fields": {"create_date": "2020-09-28T16:43:13.930Z", "hdd_type": "ssd", "hdd_capacity": 1000, "virtual_machine": 61, "cost": 0}}, {"model": "core.additionalhdd", "pk": 144, "fields": {"create_date": "2020-09-28T16:43:13.952Z", "hdd_type": "sas", "hdd_capacity": 1050, "virtual_machine": 62, "cost": 0}}, {"model": "core.additionalhdd", "pk": 145, "fields": {"create_date": "2020-09-28T16:43:13.973Z", "hdd_type": "sas", "hdd_capacity": 1650, "virtual_machine": 62, "cost": 0}}, {"model": "core.additionalhdd", "pk": 146, "fields": {"create_date": "2020-09-28T16:43:13.995Z", "hdd_type": "sas", "hdd_capacity": 1600, "virtual_machine": 62, "cost": 0}}, {"model": "core.additionalhdd", "pk": 147, "fields": {"create_date": "2020-09-28T16:43:14.018Z", "hdd_type": "ssd", "hdd_capacity": 450, "virtual_machine": 63, "cost": 0}}, {"model": "core.additionalhdd", "pk": 148, "fields": {"create_date": "2020-09-28T16:43:14.040Z", "hdd_type": "ssd", "hdd_capacity": 1450, "virtual_machine": 65, "cost": 0}}, {"model": "core.additionalhdd", "pk": 149, "fields": {"create_date": "2020-09-28T16:43:14.063Z", "hdd_type": "sata", "hdd_capacity": 450, "virtual_machine": 65, "cost": 0}}, {"model": "core.additionalhdd", "pk": 150, "fields": {"create_date": "2020-09-28T16:43:14.084Z", "hdd_type": "sata", "hdd_capacity": 800, "virtual_machine": 66, "cost": 0}}, {"model": "core.additionalhdd", "pk": 151, "fields": {"create_date": "2020-09-28T16:43:14.107Z", "hdd_type": "sas", "hdd_capacity": 700, "virtual_machine": 66, "cost": 0}}, {"model": "core.additionalhdd", "pk": 152, "fields": {"create_date": "2020-09-28T16:43:14.129Z", "hdd_type": "sata", "hdd_capacity": 450, "virtual_machine": 66, "cost": 0}}, {"model": "core.additionalhdd", "pk": 153, "fields": {"create_date": "2020-09-28T16:43:14.152Z", "hdd_type": "sata", "hdd_capacity": 1350, "virtual_machine": 66, "cost": 0}}, {"model": "core.additionalhdd", "pk": 154, "fields": {"create_date": "2020-09-28T16:43:14.173Z", "hdd_type": "sata", "hdd_capacity": 100, "virtual_machine": 68, "cost": 0}}, {"model": "core.additionalhdd", "pk": 155, "fields": {"create_date": "2020-09-28T16:43:14.195Z", "hdd_type": "sata", "hdd_capacity": 300, "virtual_machine": 68, "cost": 0}}, {"model": "core.additionalhdd", "pk": 156, "fields": {"create_date": "2020-09-28T16:43:14.218Z", "hdd_type": "ssd", "hdd_capacity": 1650, "virtual_machine": 69, "cost": 0}}, {"model": "core.additionalhdd", "pk": 157, "fields": {"create_date": "2020-09-28T16:43:14.239Z", "hdd_type": "ssd", "hdd_capacity": 50, "virtual_machine": 69, "cost": 0}}, {"model": "core.additionalhdd", "pk": 158, "fields": {"create_date": "2020-09-28T16:43:14.262Z", "hdd_type": "sas", "hdd_capacity": 1950, "virtual_machine": 69, "cost": 0}}, {"model": "core.additionalhdd", "pk": 159, "fields": {"create_date": "2020-09-28T16:43:14.283Z", "hdd_type": "ssd", "hdd_capacity": 1900, "virtual_machine": 70, "cost": 0}}, {"model": "core.additionalhdd", "pk": 160, "fields": {"create_date": "2020-09-28T16:43:14.307Z", "hdd_type": "sas", "hdd_capacity": 450, "virtual_machine": 70, "cost": 0}}, {"model": "core.additionalhdd", "pk": 161, "fields": {"create_date": "2020-09-28T16:43:14.328Z", "hdd_type": "ssd", "hdd_capacity": 300, "virtual_machine": 72, "cost": 0}}, {"model": "core.additionalhdd", "pk": 162, "fields": {"create_date": "2020-09-28T16:43:14.350Z", "hdd_type": "sas", "hdd_capacity": 1700, "virtual_machine": 73, "cost": 0}}, {"model": "core.additionalhdd", "pk": 163, "fields": {"create_date": "2020-09-28T16:43:14.371Z", "hdd_type": "sas", "hdd_capacity": 2000, "virtual_machine": 76, "cost": 0}}, {"model": "core.additionalhdd", "pk": 164, "fields": {"create_date": "2020-09-28T16:43:14.394Z", "hdd_type": "sata", "hdd_capacity": 150, "virtual_machine": 76, "cost": 0}}, {"model": "core.additionalhdd", "pk": 165, "fields": {"create_date": "2020-09-28T16:43:14.418Z", "hdd_type": "sas", "hdd_capacity": 900, "virtual_machine": 77, "cost": 0}}, {"model": "core.additionalhdd", "pk": 166, "fields": {"create_date": "2020-09-28T16:43:14.438Z", "hdd_type": "sata", "hdd_capacity": 1800, "virtual_machine": 77, "cost": 0}}, {"model": "core.additionalhdd", "pk": 167, "fields": {"create_date": "2020-09-28T16:43:14.461Z", "hdd_type": "ssd", "hdd_capacity": 600, "virtual_machine": 77, "cost": 0}}, {"model": "core.additionalhdd", "pk": 168, "fields": {"create_date": "2020-09-28T16:43:14.483Z", "hdd_type": "sas", "hdd_capacity": 400, "virtual_machine": 78, "cost": 0}}, {"model": "core.additionalhdd", "pk": 169, "fields": {"create_date": "2020-09-28T16:43:14.505Z", "hdd_type": "ssd", "hdd_capacity": 1100, "virtual_machine": 78, "cost": 0}}, {"model": "core.additionalhdd", "pk": 170, "fields": {"create_date": "2020-09-28T16:43:14.527Z", "hdd_type": "ssd", "hdd_capacity": 750, "virtual_machine": 81, "cost": 0}}, {"model": "core.additionalhdd", "pk": 171, "fields": {"create_date": "2020-09-28T16:43:14.549Z", "hdd_type": "sata", "hdd_capacity": 1000, "virtual_machine": 82, "cost": 0}}, {"model": "core.additionalhdd", "pk": 172, "fields": {"create_date": "2020-09-28T16:43:14.571Z", "hdd_type": "ssd", "hdd_capacity": 650, "virtual_machine": 82, "cost": 0}}, {"model": "core.additionalhdd", "pk": 173, "fields": {"create_date": "2020-09-28T16:43:14.605Z", "hdd_type": "sata", "hdd_capacity": 650, "virtual_machine": 82, "cost": 0}}, {"model": "core.additionalhdd", "pk": 174, "fields": {"create_date": "2020-09-28T16:43:14.627Z", "hdd_type": "ssd", "hdd_capacity": 1350, "virtual_machine": 84, "cost": 0}}, {"model": "core.additionalhdd", "pk": 175, "fields": {"create_date": "2020-09-28T16:43:14.649Z", "hdd_type": "sas", "hdd_capacity": 1450, "virtual_machine": 85, "cost": 0}}, {"model": "core.additionalhdd", "pk": 176, "fields": {"create_date": "2020-09-28T16:43:14.671Z", "hdd_type": "ssd", "hdd_capacity": 1350, "virtual_machine": 86, "cost": 0}}, {"model": "core.additionalhdd", "pk": 177, "fields": {"create_date": "2020-09-28T16:43:14.694Z", "hdd_type": "sata", "hdd_capacity": 1150, "virtual_machine": 86, "cost": 0}}, {"model": "core.additionalhdd", "pk": 178, "fields": {"create_date": "2020-09-28T16:43:14.715Z", "hdd_type": "sata", "hdd_capacity": 150, "virtual_machine": 86, "cost": 0}}, {"model": "core.additionalhdd", "pk": 179, "fields": {"create_date": "2020-09-28T16:43:14.740Z", "hdd_type": "ssd", "hdd_capacity": 700, "virtual_machine": 86, "cost": 0}}, {"model": "core.additionalhdd", "pk": 180, "fields": {"create_date": "2020-09-28T16:43:14.760Z", "hdd_type": "sata", "hdd_capacity": 1000, "virtual_machine": 87, "cost": 0}}, {"model": "core.additionalhdd", "pk": 181, "fields": {"create_date": "2020-09-28T16:43:14.781Z", "hdd_type": "ssd", "hdd_capacity": 350, "virtual_machine": 88, "cost": 0}}, {"model": "core.additionalhdd", "pk": 182, "fields": {"create_date": "2020-09-28T16:43:14.804Z", "hdd_type": "sata", "hdd_capacity": 900, "virtual_machine": 90, "cost": 0}}, {"model": "core.additionalhdd", "pk": 183, "fields": {"create_date": "2020-09-28T16:43:14.826Z", "hdd_type": "sata", "hdd_capacity": 1800, "virtual_machine": 90, "cost": 0}}, {"model": "core.additionalhdd", "pk": 184, "fields": {"create_date": "2020-09-28T16:43:14.848Z", "hdd_type": "ssd", "hdd_capacity": 1900, "virtual_machine": 90, "cost": 0}}, {"model": "core.additionalhdd", "pk": 185, "fields": {"create_date": "2020-09-28T16:43:14.871Z", "hdd_type": "ssd", "hdd_capacity": 500, "virtual_machine": 90, "cost": 0}}, {"model": "core.additionalhdd", "pk": 186, "fields": {"create_date": "2020-09-28T16:43:14.962Z", "hdd_type": "sas", "hdd_capacity": 1300, "virtual_machine": 92, "cost": 0}}, {"model": "core.additionalhdd", "pk": 187, "fields": {"create_date": "2020-09-28T16:43:14.981Z", "hdd_type": "ssd", "hdd_capacity": 150, "virtual_machine": 92, "cost": 0}}, {"model": "core.additionalhdd", "pk": 188, "fields": {"create_date": "2020-09-28T16:43:15.003Z", "hdd_type": "sata", "hdd_capacity": 550, "virtual_machine": 92, "cost": 0}}, {"model": "core.additionalhdd", "pk": 189, "fields": {"create_date": "2020-09-28T16:43:15.026Z", "hdd_type": "ssd", "hdd_capacity": 200, "virtual_machine": 92, "cost": 0}}, {"model": "core.additionalhdd", "pk": 190, "fields": {"create_date": "2020-09-28T16:43:15.048Z", "hdd_type": "sata", "hdd_capacity": 1400, "virtual_machine": 94, "cost": 0}}, {"model": "core.additionalhdd", "pk": 191, "fields": {"create_date": "2020-09-28T16:43:15.070Z", "hdd_type": "ssd", "hdd_capacity": 950, "virtual_machine": 94, "cost": 0}}, {"model": "core.additionalhdd", "pk": 192, "fields": {"create_date": "2020-09-28T16:43:15.092Z", "hdd_type": "sas", "hdd_capacity": 700, "virtual_machine": 94, "cost": 0}}, {"model": "core.additionalhdd", "pk": 193, "fields": {"create_date": "2020-09-28T16:43:15.113Z", "hdd_type": "sata", "hdd_capacity": 250, "virtual_machine": 95, "cost": 0}}, {"model": "core.additionalhdd", "pk": 194, "fields": {"create_date": "2020-09-28T16:43:15.135Z", "hdd_type": "sas", "hdd_capacity": 1450, "virtual_machine": 95, "cost": 0}}, {"model": "core.additionalhdd", "pk": 195, "fields": {"create_date": "2020-09-28T16:43:15.159Z", "hdd_type": "sas", "hdd_capacity": 350, "virtual_machine": 96, "cost": 0}}, {"model": "core.additionalhdd", "pk": 196, "fields": {"create_date": "2020-09-28T16:43:15.181Z", "hdd_type": "sata", "hdd_capacity": 1800, "virtual_machine": 97, "cost": 0}}, {"model": "core.additionalhdd", "pk": 197, "fields": {"create_date": "2020-09-28T16:43:15.202Z", "hdd_type": "sas", "hdd_capacity": 350, "virtual_machine": 98, "cost": 0}}, {"model": "core.additionalhdd", "pk": 198, "fields": {"create_date": "2020-09-28T16:43:15.225Z", "hdd_type": "sas", "hdd_capacity": 1750, "virtual_machine": 98, "cost": 0}}, {"model": "core.additionalhdd", "pk": 199, "fields": {"create_date": "2020-09-28T16:43:15.280Z", "hdd_type": "sata", "hdd_capacity": 1450, "virtual_machine": 98, "cost": 0}}, {"model": "core.additionalhdd", "pk": 200, "fields": {"create_date": "2020-09-28T16:43:15.302Z", "hdd_type": "sas", "hdd_capacity": 650, "virtual_machine": 98, "cost": 0}}, {"model": "core.report", "pk": 1, "fields": {"create_date": "2020-09-28T16:44:00.118Z", "text": "New Report of user evgen1426"}}, {"model": "core.report", "pk": 2, "fields": {"create_date": "2020-09-28T16:44:00.141Z", "text": "New Report of user evgen1427"}}]